Date,Open,High,Low,Close,Adj Close,Volume
11/8/2013,14,14.5,13.26,14,14,1552200
11/11/2013,14,14.45,13.98,14.04,14.04,82200
11/12/2013,14,14.24,13.5,14,14,154700
11/13/2013,13.99,15.24,13.9,14,14,172800
11/14/2013,14.1,14.16,13.91,13.94,13.94,54400
11/15/2013,14.35,14.35,13.95,14,14,58400
11/18/2013,14.25,14.49,13.95,14.1,14.1,61700
11/19/2013,13.96,14.099,13.96,14.05,14.05,21500
11/20/2013,13.96,14,13.5,13.82,13.82,221400
11/21/2013,13.77,13.77,13.75,13.75,13.75,2300
11/22/2013,13.5,14.4,13.49,13.83,13.83,26200
11/25/2013,13.83,14.1,13.76,14,14,15300
11/26/2013,14.13,14.15,13.96,13.98,13.98,14600
11/27/2013,13.95,14.15,13.95,14.15,14.15,23900
11/29/2013,14.15,14.49,13.99,14.04,14.04,17400
12/2/2013,13.82,14.4,13.8,14.02,14.02,18700
12/3/2013,14.08,14.38,13.82,13.9,13.9,8400
12/4/2013,14.11,14.11,13.78,13.78,13.78,6900
12/5/2013,13.78,13.9,13.75,13.76,13.76,3500
12/6/2013,13.93,13.94,13.1,13.1,13.1,10600
12/9/2013,13.5,13.52,13,13.48,13.48,1435600
12/10/2013,13.4,13.45,12.65,12.65,12.65,33000
12/11/2013,12.66,12.68,12,12.19,12.19,45400
12/12/2013,13.45,13.45,12.24,12.24,12.24,37900
12/13/2013,12.17,13.2,11.55,12,12,76600
12/16/2013,12.61,12.88,12.11,12.88,12.88,11200
12/17/2013,12.67,13.15,12.05,12.3,12.3,3265000
12/18/2013,12.45,13.45,12.45,12.84,12.84,108500
12/19/2013,12.63,12.89,12.25,12.37,12.37,131800
12/20/2013,12.86,12.86,12.13,12.13,12.13,1053300
12/23/2013,12.13,13.3,12.09,12.76,12.76,54700
12/24/2013,12.67,12.7,12.45,12.45,12.45,7000
12/26/2013,12.45,12.68,12.43,12.5,12.5,27500
12/27/2013,12.5,12.65,12.22,12.55,12.55,4500
12/30/2013,12.44,12.73,12.21,12.5,12.5,8900
12/31/2013,11.92,12.75,11.48,12.73,12.73,46500
1/2/2014,12.59,12.59,12.09,12.47,12.47,12300
1/3/2014,12.52,12.58,12.15,12.26,12.26,7500
1/6/2014,12.46,12.5,12.24,12.34,12.34,1056200
1/7/2014,12.32,12.49,12.04,12.22,12.22,915600
1/8/2014,12.47,12.49,12.12,12.35,12.35,83600
1/9/2014,12.3,13,12.3,12.4,12.4,50500
1/10/2014,12.49,12.53,12.36,12.5,12.5,14500
1/13/2014,12.57,12.57,12.3,12.5,12.5,29800
1/14/2014,12.42,12.59,12.42,12.5,12.5,14400
1/15/2014,12.55,12.59,12.27,12.29,12.29,60000
1/16/2014,12.47,12.47,12.1,12.16,12.16,49400
1/17/2014,12.08,12.48,12,12.3,12.3,30100
1/21/2014,12.4,12.69,12.03,12.25,12.25,101700
1/22/2014,12.24,12.47,12.07,12.26,12.26,38600
1/23/2014,12.37,12.37,12.2,12.28,12.28,17200
1/24/2014,12.17,12.3,12.07,12.25,12.25,14300
1/27/2014,12.28,12.44,12,12.06,12.06,28100
1/28/2014,12.13,12.49,12,12.05,12.05,40100
1/29/2014,11.88,12.5,11.88,12.15,12.15,86400
1/30/2014,12.19,13.94,12.18,12.18,12.18,10400
1/31/2014,12.11,12.32,12.1,12.27,12.27,84100
2/3/2014,12.47,12.47,12.04,12.2,12.2,18000
2/4/2014,12.21,12.25,12.06,12.09,12.09,23200
2/5/2014,12.24,12.24,12.06,12.2,12.2,44500
2/6/2014,12.13,12.34,12.13,12.16,12.16,45800
2/7/2014,12.18,12.89,12.18,12.21,12.21,14800
2/10/2014,12.21,12.4,12.21,12.24,12.24,33600
2/11/2014,12.26,12.39,12.23,12.25,12.25,67500
2/12/2014,12.29,12.34,12.21,12.32,12.32,6400
2/13/2014,12.3,12.34,12.21,12.27,12.27,40300
2/14/2014,12.25,12.26,12.12,12.22,12.22,31000
2/18/2014,12.24,12.28,12.01,12.12,12.12,131600
2/19/2014,12.07,12.24,11.69,11.69,11.69,119600
2/20/2014,11.72,12.08,11.69,11.78,11.78,47300
2/21/2014,11.82,11.99,11.43,11.47,11.47,96400
2/24/2014,11.48,11.88,11.48,11.55,11.55,46100
2/25/2014,11.61,11.61,11.38,11.46,11.46,20800
2/26/2014,11,11.57,10.5,10.94,10.94,219000
2/27/2014,10.93,11.02,10.77,10.82,10.82,95900
2/28/2014,10.81,11.48,10.81,10.94,10.94,234300
3/3/2014,10.93,10.93,10.53,10.67,10.67,68900
3/4/2014,10.8,10.83,10.42,10.52,10.52,552800
3/5/2014,10.49,10.73,10.32,10.53,10.53,164300
3/6/2014,10.45,10.67,10.42,10.53,10.53,55200
3/7/2014,10.67,11.4,10.65,10.9,10.9,659600
3/10/2014,11.05,11.37,10.9,11.35,11.35,204200
3/11/2014,11.28,12.05,10.96,11.96,11.96,860200
3/12/2014,11.9,12.03,11.79,11.9,11.9,365000
3/13/2014,11.9,11.97,11.77,11.81,11.81,85800
3/14/2014,11.81,11.93,11.81,11.85,11.85,178300
3/17/2014,11.92,11.97,11.79,11.81,11.81,102000
3/18/2014,11.84,11.93,11.68,11.89,11.89,379100
3/19/2014,11.89,11.99,11.78,11.88,11.88,128000
3/20/2014,11.83,12,11.57,11.87,11.87,209500
3/21/2014,11.89,11.89,11,11.8,11.8,1029200
3/24/2014,11.81,11.9,11.48,11.85,11.85,123000
3/25/2014,11.89,11.89,10.42,11.72,11.72,73700
3/26/2014,11.7,11.8,11.37,11.49,11.49,116400
3/27/2014,11.48,11.68,11.24,11.6,11.6,116400
3/28/2014,11.64,11.73,11.25,11.68,11.68,85300
3/31/2014,11.66,11.8,11.48,11.72,11.72,252200
4/1/2014,11.69,11.75,11.59,11.62,11.62,159800
4/2/2014,11.64,11.7,11.485,11.56,11.56,155800
4/3/2014,11.62,11.74,11.24,11.34,11.34,247700
4/4/2014,11.41,11.59,11.25,11.37,11.37,281300
4/7/2014,11.42,11.58,10.84,11.2,11.2,83500
4/8/2014,11.16,11.44,10.95,11.02,11.02,95200
4/9/2014,11.5,11.8,10.78,11.14,11.14,304100
4/10/2014,11.12,11.25,11.09,11.21,11.21,95900
4/11/2014,11.19,11.21,10.75,11.02,11.02,204400
4/14/2014,11.02,11.13,10.622,10.9,10.9,146000
4/15/2014,10.91,10.97,10.78,10.96,10.96,130800
4/16/2014,11,11.11,10.64,11.06,11.06,94800
4/17/2014,11.07,11.315,11,11.24,11.24,228200
4/21/2014,11.34,11.41,11.12,11.3,11.3,33600
4/22/2014,11.27,11.53,11.25,11.42,11.42,276500
4/23/2014,11.42,11.73,10.75,11.39,11.39,65100
4/24/2014,11.4,11.45,11.16,11.31,11.31,83600
4/25/2014,11.27,11.48,11.27,11.31,11.31,70600
4/28/2014,11.37,11.59,10.8,11.32,11.32,191400
4/29/2014,11.37,11.41,11.25,11.37,11.37,29100
4/30/2014,11.36,11.4,11.16,11.35,11.35,128100
5/1/2014,11.35,11.47,11.07,11.16,11.16,31300
5/2/2014,11.18,11.3,10.97,11.08,11.08,50800
5/5/2014,11.2,11.2,10.98,11.1,11.1,16200
5/6/2014,11.06,11.15,10.63,10.75,10.75,53300
5/7/2014,10.83,10.83,9.751,10.26,10.26,336200
5/8/2014,10.29,10.337,10.06,10.12,10.12,148600
5/9/2014,10.11,10.34,9.99,10.12,10.12,140500
5/12/2014,10.13,10.31,9.97,10.06,10.06,101600
5/13/2014,10.25,10.32,10.01,10.14,10.14,129500
5/14/2014,10.1,10.58,10,10.07,10.07,203100
5/15/2014,10.19,10.19,9.88,10.04,10.04,95100
5/16/2014,10,10.14,9.89,10.03,10.03,64000
5/19/2014,10.02,10.25,9.99,10,10,128900
5/20/2014,10,10.05,9.81,9.98,9.98,74500
5/21/2014,10.02,10.05,9.94,9.98,9.98,121600
5/22/2014,10.01,10.19,9.88,10.12,10.12,59800
5/23/2014,10.14,10.3,10.14,10.25,10.25,71900
5/27/2014,10.4,10.46,10.12,10.44,10.44,121300
5/28/2014,10.41,10.52,10.258,10.38,10.38,163800
5/29/2014,10.42,10.69,10.361,10.66,10.66,110100
5/30/2014,10.69,11.05,10.54,10.94,10.94,128000
6/2/2014,10.94,11,10.55,10.75,10.75,116900
6/3/2014,10.78,11,10.616,10.97,10.97,177500
6/4/2014,10.95,11.09,10.89,10.92,10.92,107900
6/5/2014,10.93,11.53,10.83,11.1,11.1,390600
6/6/2014,11.11,11.469,10.97,11.12,11.12,762500
6/9/2014,11.09,11.35,11.09,11.2,11.2,154700
6/10/2014,11.25,11.25,10.77,11,11,331300
6/11/2014,10.94,11.34,10.91,11.26,11.26,119300
6/12/2014,11.09,11.43,11.09,11.35,11.35,173900
6/13/2014,11.35,11.51,11.27,11.32,11.32,102500
6/16/2014,11.28,11.58,11.28,11.47,11.47,175300
6/17/2014,11.47,11.81,11.41,11.68,11.68,523800
6/18/2014,11.7,11.82,11.58,11.69,11.69,128500
6/19/2014,11.68,11.81,11.57,11.58,11.58,95700
6/20/2014,11.56,11.8,11.44,11.75,11.75,204600
6/23/2014,11.73,11.75,11.45,11.49,11.49,226100
6/24/2014,11.5,11.67,11.38,11.44,11.44,263200
6/25/2014,11.31,11.54,11,11.41,11.41,337200
6/26/2014,11.38,11.43,10.94,11.14,11.14,329000
6/27/2014,11.12,11.53,10.91,11,11,8110800
6/30/2014,10.95,11.01,10.47,10.5,10.5,576200
7/1/2014,10.54,10.72,10.21,10.38,10.38,1438400
7/2/2014,10.39,10.69,10.39,10.64,10.64,234400
7/3/2014,10.66,10.88,10.51,10.83,10.83,169300
7/7/2014,10.83,10.94,10.35,10.47,10.47,279800
7/8/2014,10.43,10.64,10.25,10.39,10.39,204700
7/9/2014,10.4,10.612,10.3,10.38,10.38,154100
7/10/2014,10.24,10.37,10.2,10.3,10.3,136400
7/11/2014,10.31,10.87,10.23,10.31,10.31,351500
7/14/2014,10.32,10.45,10.2,10.42,10.42,185300
7/15/2014,10.41,10.47,10.29,10.46,10.46,428300
7/16/2014,10.49,10.53,10.35,10.41,10.41,170500
7/17/2014,10.33,10.466,10.22,10.27,10.27,251300
7/18/2014,10.23,10.44,10.14,10.24,10.24,109600
7/21/2014,10.2,10.35,10.01,10.07,10.07,121500
7/22/2014,10.1,10.14,9.99,10.07,10.07,78800
7/23/2014,10.06,10.2,10.06,10.14,10.14,105500
7/24/2014,10.19,10.23,10.1,10.15,10.15,183900
7/25/2014,10.07,10.14,10,10.12,10.12,186400
7/28/2014,10.13,10.19,10,10.02,10.02,1418600
7/29/2014,10.04,10.23,10.02,10.14,10.14,60300
7/30/2014,10.16,10.22,9.97,10.2,10.2,110300
7/31/2014,10.13,10.18,9.85,9.99,9.99,189200
8/1/2014,10.02,10.11,9.8,9.82,9.82,91500
8/4/2014,9.82,10.07,9.72,10.05,10.05,194600
8/5/2014,10,10.11,9.87,9.96,9.96,124400
8/6/2014,9.92,10.18,9.77,10.12,10.12,184500
8/7/2014,10.11,10.27,9.91,10.23,10.23,169600
8/8/2014,10.18,10.42,9.9,10.13,10.13,172500
8/11/2014,10.2,10.27,10.05,10.19,10.19,77500
8/12/2014,10.14,10.25,9.94,10.05,10.05,181900
8/13/2014,10.05,10.119,9.9,9.93,9.93,124400
8/14/2014,9.94,10.01,9.88,9.9,9.9,377400
8/15/2014,9.97,9.98,9.53,9.83,9.83,264600
8/18/2014,9.8,10.01,9.79,9.85,9.85,135300
8/19/2014,9.84,9.99,9.81,9.86,9.86,83500
8/20/2014,9.86,9.98,9.8,9.91,9.91,90400
8/21/2014,9.89,9.945,9.72,9.8,9.8,100600
8/22/2014,9.82,9.82,9.7,9.74,9.74,80000
8/25/2014,9.75,9.77,9.58,9.62,9.62,66900
8/26/2014,9.62,9.91,9.6,9.9,9.9,133600
8/27/2014,9.9,10.2,9.71,9.76,9.76,80900
8/28/2014,9.73,9.81,9.6,9.67,9.67,60800
8/29/2014,9.67,9.71,9.59,9.68,9.68,56800
9/2/2014,9.72,10,9.58,9.73,9.73,210900
9/3/2014,9.77,9.77,9.37,9.42,9.42,154100
9/4/2014,9.43,9.68,9.185,9.22,9.22,241700
9/5/2014,9.17,9.26,9.1,9.17,9.17,249200
9/8/2014,9.14,9.61,9.14,9.49,9.49,197400
9/9/2014,9.46,9.61,9.23,9.41,9.41,160400
9/10/2014,9.42,9.48,9.38,9.45,9.45,116700
9/11/2014,9.42,9.53,9.38,9.43,9.43,215000
9/12/2014,9.45,9.53,9.26,9.28,9.28,129900
9/15/2014,9.29,9.29,9.15,9.18,9.18,87900
9/16/2014,9.17,9.23,8.958,9,9,104200
9/17/2014,8.97,9.28,8.97,9.24,9.24,97800
9/18/2014,9.28,9.485,9.16,9.4,9.4,238500
9/19/2014,9.41,9.59,8.8,9.06,9.06,591700
9/22/2014,9.02,9.29,8.57,8.63,8.63,603300
9/23/2014,8.63,8.87,8.52,8.6,8.6,433900
9/24/2014,8.63,8.74,8.59,8.69,8.69,121800
9/25/2014,8.68,8.74,8.51,8.66,8.66,332800
9/26/2014,8.66,8.74,8.17,8.4,8.4,1491100
9/29/2014,8.37,8.45,8.25,8.35,8.35,273200
9/30/2014,8.51,8.73,8.35,8.65,8.65,1524500
10/1/2014,8.67,8.75,8.41,8.53,8.53,637000
10/2/2014,8.51,8.6,8.262,8.55,8.55,153900
10/3/2014,8.61,8.64,8.42,8.57,8.57,444800
10/6/2014,8.58,8.61,8.35,8.37,8.37,88300
10/7/2014,8.31,8.43,8.19,8.4,8.4,893300
10/8/2014,8.38,8.56,8.24,8.54,8.54,216300
10/9/2014,8.54,8.61,8.3,8.41,8.41,143700
10/10/2014,8.34,8.52,8.25,8.26,8.26,340400
10/13/2014,8.26,8.54,8.23,8.31,8.31,219800
10/14/2014,8.37,8.59,8.204,8.36,8.36,194700
10/15/2014,8.28,8.51,8.15,8.43,8.43,241500
10/16/2014,8.31,8.51,8.108,8.32,8.32,190300
10/17/2014,8.42,8.92,8.278,8.87,8.87,2538600
10/20/2014,8.86,9.06,8.84,8.97,8.97,205800
10/21/2014,8.99,9.232,8.84,9.01,9.01,255700
10/22/2014,9,9.01,8.64,8.66,8.66,223000
10/23/2014,8.73,8.73,8.53,8.56,8.56,334900
10/24/2014,8.59,8.65,8.43,8.55,8.55,89500
10/27/2014,8.5,8.68,8.5,8.6,8.6,103500
10/28/2014,8.65,8.77,8.57,8.71,8.71,226800
10/29/2014,8.74,8.78,8.558,8.7,8.7,107400
10/30/2014,8.69,8.79,8.624,8.77,8.77,202800
10/31/2014,8.86,8.95,8.72,8.95,8.95,233900
11/3/2014,8.93,9.18,8.89,9.05,9.05,163400
11/4/2014,9.16,9.27,9.02,9.15,9.15,111900
11/5/2014,9.22,9.38,8.94,9.27,9.27,145700
11/6/2014,9.23,9.38,9.19,9.38,9.38,142100
11/7/2014,9.35,9.61,9.3,9.57,9.57,342700
11/10/2014,9.59,9.743,9.45,9.68,9.68,131300
11/11/2014,9.7,9.72,9.53,9.64,9.64,231400
11/12/2014,9.6,9.77,9.56,9.62,9.62,717700
11/13/2014,9.64,9.74,9.5,9.58,9.58,89600
11/14/2014,9.59,9.69,9.38,9.38,9.38,62800
11/17/2014,9.38,9.41,9.14,9.2,9.2,137100
11/18/2014,9.22,9.27,9.09,9.16,9.16,600700
11/19/2014,9.23,9.35,8.91,8.94,8.94,186300
11/20/2014,8.88,9.03,8.8,8.99,8.99,161100
11/21/2014,9.13,9.13,8.99,9,9,410100
11/24/2014,9.01,9.04,8.94,9,9,765900
11/25/2014,9.01,9.03,8.88,8.89,8.89,319500
11/26/2014,8.88,8.92,8.87,8.9,8.9,111800
11/28/2014,8.9,8.97,8.7,8.71,8.71,91300
12/1/2014,8.572,8.74,8.49,8.5,8.5,192100
12/2/2014,8.52,8.71,8.52,8.68,8.68,105800
12/3/2014,8.69,8.75,8.65,8.67,8.67,133400
12/4/2014,8.56,8.74,8.56,8.68,8.68,217200
12/5/2014,8.69,8.88,8.69,8.87,8.87,114500
12/8/2014,8.83,8.931,8.79,8.8,8.8,116800
12/9/2014,8.75,8.86,8.47,8.79,8.79,343200
12/10/2014,8.75,8.8,8.59,8.6,8.6,153500
12/11/2014,8.7,8.85,8.67,8.72,8.72,189000
12/12/2014,8.67,8.81,8.62,8.63,8.63,152900
12/15/2014,8.67,8.7,8.52,8.58,8.58,112300
12/16/2014,8.55,8.81,8.55,8.69,8.69,165500
12/17/2014,8.69,8.9,8.64,8.89,8.89,165500
12/18/2014,8.99,8.99,8.86,8.95,8.95,159500
12/19/2014,8.92,9.07,8.82,9.02,9.02,311000
12/22/2014,9,9.04,8.9,9.02,9.02,97400
12/23/2014,9.07,9.16,8.99,9.13,9.13,82100
12/24/2014,9.18,9.18,9.04,9.13,9.13,36300
12/26/2014,9.15,9.17,9.05,9.08,9.08,47200
12/29/2014,9.08,9.1,8.88,9.02,9.02,83600
12/30/2014,9.15,9.15,8.95,9.1,9.1,82900
12/31/2014,9.12,9.2,9.11,9.13,9.13,64500
1/2/2015,9.15,9.19,9,9.15,9.15,115500
1/5/2015,9.11,9.11,8.87,8.94,8.94,115400
1/6/2015,8.94,9.01,8.63,8.73,8.73,117400
1/7/2015,8.76,8.81,8.25,8.34,8.34,264400
1/8/2015,8.37,8.38,8.21,8.33,8.33,200300
1/9/2015,8.31,8.31,8.13,8.13,8.13,88900
1/12/2015,8.1,8.118,7.78,7.84,7.84,163900
1/13/2015,7.91,8.005,7.66,7.92,7.92,165000
1/14/2015,7.83,7.96,7.68,7.71,7.71,132400
1/15/2015,7.72,7.83,7.37,7.6,7.6,219200
1/16/2015,7.57,7.99,7.56,7.94,7.94,188100
1/20/2015,7.96,7.97,7.73,7.75,7.75,136400
1/21/2015,7.74,7.88,7.67,7.7,7.7,152500
1/22/2015,7.77,7.86,7.7,7.8,7.8,183600
1/23/2015,7.81,8.03,7.8,7.88,7.88,99700
1/26/2015,7.86,7.94,7.75,7.83,7.83,77700
1/27/2015,7.75,7.94,7.75,7.76,7.76,65800
1/28/2015,7.82,7.82,7.7,7.72,7.72,200300
1/29/2015,7.72,7.76,7.59,7.72,7.72,159200
1/30/2015,7.65,7.83,7.635,7.7,7.7,133100
2/2/2015,7.71,8.05,7.705,8.04,8.04,1177300
2/3/2015,8.05,8.25,7.944,8.24,8.24,143100
2/4/2015,8.18,8.29,7.99,8.05,8.05,100700
2/5/2015,8.1,8.45,8.04,8.44,8.44,145000
2/6/2015,8.5,8.7,8.4,8.51,8.51,205300
2/9/2015,8.5,8.65,8.35,8.43,8.43,72300
2/10/2015,8.5,8.61,8.45,8.52,8.52,179600
2/11/2015,8.49,8.58,8.4,8.47,8.47,77600
2/12/2015,8.54,8.63,8.4,8.5,8.5,102800
2/13/2015,8.5,8.69,8.38,8.41,8.41,146000
2/17/2015,8.44,8.476,8.27,8.31,8.31,80600
2/18/2015,8.27,8.33,8.17,8.25,8.25,107800
2/19/2015,8.21,8.53,8.21,8.41,8.41,99100
2/20/2015,8.65,8.65,7.47,7.54,7.54,1807900
2/23/2015,7.49,7.5,7.25,7.45,7.45,540900
2/24/2015,7.44,7.54,7.32,7.36,7.36,578300
2/25/2015,7.34,7.38,7.25,7.33,7.33,720800
2/26/2015,7.36,7.71,7.27,7.33,7.33,346300
2/27/2015,7.3,7.42,7.28,7.3,7.3,130500
3/2/2015,7.31,7.5,7.27,7.4,7.4,162100
3/3/2015,7.36,7.55,7.3,7.5,7.5,183900
3/4/2015,7.49,7.52,7.33,7.35,7.35,507400
3/5/2015,7.4,7.548,7.36,7.4,7.4,777900
3/6/2015,7.33,7.45,7.3,7.32,7.32,146900
3/9/2015,7.33,7.45,7.31,7.42,7.42,319700
3/10/2015,7.37,7.54,7.28,7.49,7.49,133100
3/11/2015,7.5,7.5,7.37,7.42,7.42,121600
3/12/2015,7.46,7.59,7.44,7.53,7.53,598700
3/13/2015,7.54,7.58,7.37,7.49,7.49,90400
3/16/2015,7.52,7.55,7.36,7.41,7.41,98300
3/17/2015,7.37,7.5,7.35,7.45,7.45,227100
3/18/2015,7.42,7.49,7.33,7.45,7.45,217900
3/19/2015,7.59,7.6,7.41,7.43,7.43,193700
3/20/2015,7.45,7.52,7.3,7.44,7.44,345000
3/23/2015,7.48,7.56,7.46,7.49,7.49,367600
3/24/2015,7.5,7.55,7.47,7.48,7.48,315600
3/25/2015,7.48,7.58,7.39,7.41,7.41,133000
3/26/2015,7.4,7.45,7.34,7.42,7.42,127000
3/27/2015,7.4,7.45,7.338,7.4,7.4,144500
3/30/2015,7.42,7.54,7.41,7.49,7.49,81400
3/31/2015,7.46,7.52,7.4,7.49,7.49,66500
4/1/2015,7.49,7.515,7.36,7.4,7.4,125500
4/2/2015,7.4,7.66,7.36,7.64,7.64,177300
4/6/2015,7.57,7.73,7.57,7.64,7.64,107400
4/7/2015,7.62,7.66,7.39,7.48,7.48,227000
4/8/2015,7.53,7.72,7.45,7.48,7.48,145800
4/9/2015,7.49,7.52,7.365,7.43,7.43,96700
4/10/2015,7.48,7.53,7.42,7.5,7.5,40300
4/13/2015,7.5,7.5,7.37,7.39,7.39,62200
4/14/2015,7.4,7.57,7.35,7.57,7.57,98800
4/15/2015,7.6,7.75,7.6,7.74,7.74,92100
4/16/2015,7.76,7.77,7.71,7.72,7.72,46800
4/17/2015,7.67,7.67,7.46,7.56,7.56,90300
4/20/2015,7.58,7.85,7.55,7.84,7.84,105200
4/21/2015,7.85,7.86,7.71,7.76,7.76,49600
4/22/2015,7.76,8.08,7.65,8.05,8.05,225900
4/23/2015,8.02,8.17,8.01,8.15,8.15,83700
4/24/2015,8.17,8.18,8.07,8.08,8.08,23600
4/27/2015,8.09,8.2,7.99,8.11,8.11,173000
4/28/2015,8.13,8.15,8,8.14,8.14,420500
4/29/2015,8.09,8.12,8,8,8,154000
4/30/2015,8,8.14,7.93,7.98,7.98,155200
5/1/2015,7.98,7.99,7.77,7.9,7.9,171000
5/4/2015,7.85,8.03,7.84,7.85,7.85,284700
5/5/2015,7.8,7.96,7.65,7.77,7.77,130200
5/6/2015,7.88,8.02,7.71,7.76,7.76,162200
5/7/2015,7.74,7.83,7.67,7.69,7.69,374000
5/8/2015,7.76,7.97,7.68,7.7,7.7,312800
5/11/2015,7.69,8.01,7.6,7.95,7.95,230500
5/12/2015,7.92,7.92,7.7,7.87,7.87,69200
5/13/2015,7.92,8.16,7.92,8.16,8.16,220500
5/14/2015,8.19,8.31,8.13,8.29,8.29,207200
5/15/2015,8.27,8.32,8.18,8.2,8.2,61600
5/18/2015,8.2,8.28,8.11,8.14,8.14,82100
5/19/2015,8.24,8.26,8.02,8.08,8.08,43200
5/20/2015,8.1,8.1,7.9,8.01,8.01,88500
5/21/2015,8.01,8.18,8,8.1,8.1,68800
5/22/2015,8.09,8.16,7.93,8,8,78300
5/26/2015,7.98,8.04,7.85,7.99,7.99,124700
5/27/2015,8,8.08,7.886,8.02,8.02,229700
5/28/2015,7.99,8.025,7.86,7.89,7.89,57900
5/29/2015,7.87,8,7.744,7.93,7.93,513400
6/1/2015,7.98,8.15,7.9,7.95,7.95,143000
6/2/2015,7.9,8.03,7.82,7.94,7.94,63900
6/3/2015,7.95,8.098,7.95,8.05,8.05,262500
6/4/2015,8,8.06,7.88,7.9,7.9,61800
6/5/2015,7.95,7.95,7.8,7.92,7.92,65900
6/8/2015,7.9,7.94,7.83,7.84,7.84,134300
6/9/2015,7.84,7.91,7.84,7.9,7.9,73800
6/10/2015,7.94,8.02,7.88,7.95,7.95,152400
6/11/2015,7.95,8.1,7.95,8,8,332300
6/12/2015,7.99,8.03,7.89,7.95,7.95,155600
6/15/2015,7.89,8.05,7.81,7.99,7.99,177400
6/16/2015,7.97,8.1,7.949,8.08,8.08,218000
6/17/2015,8.11,8.21,8.02,8.03,8.03,92700
6/18/2015,8.11,8.19,7.992,8.16,8.16,190700
6/19/2015,8.16,8.345,8.09,8.25,8.25,573700
6/22/2015,8.25,8.26,8.03,8.05,8.05,168000
6/23/2015,8.06,8.18,8.02,8.11,8.11,140300
6/24/2015,8.11,8.12,8.05,8.09,8.09,102400
6/25/2015,8.13,8.17,7.9,8.14,8.14,1210500
6/26/2015,8.17,8.21,8.09,8.16,8.16,528100
6/29/2015,8.15,8.15,7.98,7.99,7.99,145700
6/30/2015,8.04,8.06,7.957,8.02,8.02,123300
7/1/2015,8.09,8.2,8.01,8.17,8.17,346500
7/2/2015,8.2,8.2,8.01,8.04,8.04,155100
7/6/2015,8,8.1,7.95,8.05,8.05,165900
7/7/2015,8.06,8.1,7.85,8,8,805600
7/8/2015,7.95,8.11,7.91,8.06,8.06,237400
7/9/2015,8.08,8.15,8,8.08,8.08,361200
7/10/2015,8.15,8.19,8.06,8.09,8.09,313400
7/13/2015,8.13,8.17,8.08,8.13,8.13,237400
7/14/2015,8.14,8.19,8.12,8.13,8.13,325300
7/15/2015,8.14,8.17,8.08,8.1,8.1,140900
7/16/2015,8.14,8.15,8.05,8.12,8.12,443400
7/17/2015,8.17,8.17,8.06,8.09,8.09,114400
7/20/2015,8.11,8.11,7.93,7.96,7.96,738000
7/21/2015,7.97,8.02,7.84,7.85,7.85,159000
7/22/2015,7.82,7.89,7.81,7.87,7.87,251500
7/23/2015,7.86,7.91,7.82,7.85,7.85,101200
7/24/2015,7.87,7.88,7.75,7.75,7.75,254300
7/27/2015,7.72,7.8,7.7,7.77,7.77,93400
7/28/2015,7.83,7.92,7.645,7.85,7.85,416600
7/29/2015,7.84,7.93,7.76,7.82,7.82,79300
7/30/2015,7.78,7.915,7.78,7.9,7.9,134000
7/31/2015,7.88,8.11,7.88,8,8,194000
8/3/2015,8,8.05,7.79,7.87,7.87,88900
8/4/2015,7.86,7.86,7.73,7.77,7.77,132300
8/5/2015,8.64,9.55,8,8.26,8.26,2746000
8/6/2015,8.27,8.78,8.17,8.74,8.74,755400
8/7/2015,8.67,9.21,8.6,8.67,8.67,217000
8/10/2015,8.86,9,8.85,8.89,8.89,358900
8/11/2015,8.86,8.95,8.8,8.85,8.85,207200
8/12/2015,8.8,8.89,8.76,8.81,8.81,181300
8/13/2015,8.8,8.85,8.7,8.78,8.78,120000
8/14/2015,8.73,8.85,8.73,8.85,8.85,118000
8/17/2015,8.82,8.83,8.37,8.42,8.42,1537400
8/18/2015,8.42,8.51,8.4,8.48,8.48,200700
8/19/2015,8.45,8.5,8.34,8.46,8.46,176500
8/20/2015,8.41,8.5,8.38,8.43,8.43,188900
8/21/2015,8.3,8.47,8.3,8.42,8.42,222000
8/24/2015,8.14,8.28,8.12,8.13,8.13,279200
8/25/2015,8.34,8.34,7.935,7.95,7.95,531500
8/26/2015,8.1,8.1,7.92,8.06,8.06,205600
8/27/2015,8.1,8.23,8.03,8.13,8.13,333200
8/28/2015,8.15,8.31,8.09,8.26,8.26,212800
8/31/2015,8.21,8.34,8.09,8.32,8.32,678400
9/1/2015,8.2,8.47,8.2,8.34,8.34,469200
9/2/2015,8.44,8.45,8.37,8.4,8.4,258400
9/3/2015,8.41,8.51,8.37,8.43,8.43,212200
9/4/2015,8.35,8.43,8.18,8.24,8.24,127300
9/8/2015,8.34,8.51,8.3,8.5,8.5,362200
9/9/2015,8.57,8.59,8.42,8.47,8.47,397800
9/10/2015,8.45,8.5,8.4,8.47,8.47,249500
9/11/2015,8.4,8.47,8.35,8.44,8.44,758500
9/14/2015,8.44,8.51,8.36,8.44,8.44,532400
9/15/2015,8.46,8.5,8.41,8.46,8.46,203700
9/16/2015,8.46,8.51,8.41,8.42,8.42,262000
9/17/2015,8.4,8.47,8.33,8.34,8.34,231100
9/18/2015,8.24,8.37,7.98,8.17,8.17,847500
9/21/2015,8.22,8.3,8.19,8.22,8.22,119500
9/22/2015,8.15,8.2,8,8.11,8.11,146800
9/23/2015,8.1,8.11,8,8.01,8.01,112400
9/24/2015,8,8.06,8,8,8,159400
9/25/2015,8.07,8.13,7.82,7.88,7.88,219600
9/28/2015,7.83,7.97,7.76,7.78,7.78,150400
9/29/2015,7.8,7.8,7.55,7.57,7.57,174700
9/30/2015,7.63,7.63,7.41,7.6,7.6,289500
10/1/2015,7.6,7.63,7.25,7.26,7.26,879900
10/2/2015,7.3,7.37,7.22,7.25,7.25,492500
10/5/2015,7.31,7.59,7.25,7.54,7.54,465200
10/6/2015,7.51,7.58,7.44,7.48,7.48,143400
10/7/2015,7.51,7.65,7.47,7.6,7.6,409900
10/8/2015,7.58,7.59,7.42,7.51,7.51,169100
10/9/2015,7.53,7.56,7.43,7.52,7.52,238500
10/12/2015,7.52,7.53,7.42,7.53,7.53,152000
10/13/2015,7.49,7.6,7.365,7.46,7.46,92600
10/14/2015,7.6,8.23,7.56,7.91,7.91,1035300
10/15/2015,7.95,8.18,7.71,8.17,8.17,599600
10/16/2015,8.2,8.205,7.95,7.95,7.95,146500
10/19/2015,7.93,7.968,7.7,7.77,7.77,159700
10/20/2015,7.84,7.89,7.76,7.82,7.82,136400
10/21/2015,7.82,7.82,7.56,7.6,7.6,735500
10/22/2015,7.63,7.85,7.57,7.73,7.73,500100
10/23/2015,7.75,7.89,7.6,7.82,7.82,166000
10/26/2015,7.84,7.88,7.72,7.79,7.79,118500
10/27/2015,7.81,7.81,7.61,7.69,7.69,625000
10/28/2015,7.68,7.89,7.53,7.68,7.68,722100
10/29/2015,7.71,7.81,7.6,7.69,7.69,333400
10/30/2015,7.69,7.75,7.47,7.52,7.52,313700
11/2/2015,7.55,7.76,7.51,7.56,7.56,552700
11/3/2015,7.52,7.67,7.47,7.5,7.5,263100
11/4/2015,7.47,7.67,7.47,7.64,7.64,388600
11/5/2015,7.64,7.77,7.51,7.75,7.75,298000
11/6/2015,7.72,7.88,7.64,7.75,7.75,219800
11/9/2015,7.75,7.89,7.56,7.83,7.83,191400
11/10/2015,7.83,7.83,7.67,7.77,7.77,174000
11/11/2015,7.79,7.81,7.63,7.77,7.77,191900
11/12/2015,7.7,7.7,7.31,7.36,7.36,230700
11/13/2015,7.3,7.34,7.1,7.11,7.11,327900
11/16/2015,7.21,7.425,7.21,7.4,7.4,214300
11/17/2015,7.37,7.41,7.125,7.2,7.2,100300
11/18/2015,7.25,7.35,7.165,7.33,7.33,140100
11/19/2015,7.31,7.4,7.17,7.19,7.19,117100
11/20/2015,7.24,7.34,7.16,7.24,7.24,184800
11/23/2015,7.2,7.27,7.08,7.17,7.17,303000
11/24/2015,7.12,7.23,7.075,7.14,7.14,199800
11/25/2015,7.18,7.25,7.11,7.19,7.19,117700
11/27/2015,7.2,7.27,7.15,7.18,7.18,43300
11/30/2015,7.22,7.4,7.16,7.39,7.39,276100
12/1/2015,7.43,7.44,7.24,7.4,7.4,145900
12/2/2015,7.46,7.5,7.3,7.39,7.39,167200
12/3/2015,7.4,7.45,7.2,7.22,7.22,186400
12/4/2015,7.23,7.24,7,7.02,7.02,469400
12/7/2015,7.04,7.1,6.79,6.98,6.98,396900
12/8/2015,7.03,7.1,6.875,6.91,6.91,205400
12/9/2015,6.9,7.01,6.83,6.84,6.84,149700
12/10/2015,6.87,7.01,6.84,6.99,6.99,263900
12/11/2015,6.87,7.02,6.84,6.85,6.85,254300
12/14/2015,6.86,6.92,6.8,6.81,6.81,229200
12/15/2015,6.81,6.83,6.71,6.81,6.81,231400
12/16/2015,6.86,6.975,6.8,6.97,6.97,174200
12/17/2015,6.97,7.02,6.77,6.78,6.78,391500
12/18/2015,6.75,6.84,6.73,6.8,6.8,411300
12/21/2015,6.81,6.89,6.72,6.86,6.86,296700
12/22/2015,6.85,6.98,6.79,6.97,6.97,129000
12/23/2015,6.99,6.99,6.73,6.88,6.88,278700
12/24/2015,6.86,6.95,6.85,6.93,6.93,52900
12/28/2015,6.7,6.94,6.7,6.87,6.87,98200
12/29/2015,6.92,6.975,6.83,6.91,6.91,81100
12/30/2015,6.93,6.95,6.76,6.78,6.78,103500
12/31/2015,6.78,6.87,6.75,6.77,6.77,140800
1/4/2016,6.7,6.87,6.6,6.65,6.65,198000
1/5/2016,6.65,6.78,6.56,6.73,6.73,233200
1/6/2016,6.66,6.89,6.66,6.85,6.85,231300
1/7/2016,6.75,6.75,6.55,6.66,6.66,212800
1/8/2016,6.67,6.71,6.16,6.67,6.67,329500
1/11/2016,6.66,6.66,6.215,6.23,6.23,522300
1/12/2016,6.29,6.34,5.84,5.92,5.92,392600
1/13/2016,5.95,6,5.56,5.6,5.6,280800
1/14/2016,5.6,5.8,5.35,5.61,5.61,873600
1/15/2016,5.47,5.47,5.23,5.4,5.4,270900
1/19/2016,5.46,5.46,5.22,5.31,5.31,284100
1/20/2016,5.23,5.29,4.97,5.21,5.21,505200
1/21/2016,5.23,5.34,5.015,5.06,5.06,324000
1/22/2016,5.11,5.34,5,5.14,5.14,481200
1/25/2016,5.11,5.15,4.7,4.73,4.73,341600
1/26/2016,4.8,4.9,4.69,4.88,4.88,415600
1/27/2016,4.84,4.96,4.8,4.85,4.85,316200
1/28/2016,4.92,4.995,4.79,4.93,4.93,751400
1/29/2016,4.96,5.26,4.96,5.25,5.25,342200
2/1/2016,5.24,5.36,5.12,5.33,5.33,443200
2/2/2016,5.27,5.37,4.96,4.99,4.99,264500
2/3/2016,5.04,5.17,4.84,5.01,5.01,844800
2/4/2016,5,5.13,4.74,4.77,4.77,280900
2/5/2016,4.8,4.805,4.66,4.66,4.66,383500
2/8/2016,4.63,4.67,4.34,4.41,4.41,521300
2/9/2016,4.38,4.78,4.19,4.75,4.75,303300
2/10/2016,4.78,4.86,4.62,4.78,4.78,306400
2/11/2016,4.79,4.79,4.41,4.5,4.5,532700
2/12/2016,4.53,4.89,4.53,4.87,4.87,221100
2/16/2016,5.03,5.03,4.76,4.9,4.9,694200
2/17/2016,4.9,5.14,4.84,5.13,5.13,563800
2/18/2016,5.1,5.31,5,5.26,5.26,371100
2/19/2016,4.9,5.16,4.9,5.12,5.12,381800
2/22/2016,5.12,5.22,5.02,5.06,5.06,242700
2/23/2016,5.11,5.115,4.75,4.88,4.88,318400
2/24/2016,4.84,4.95,4.75,4.89,4.89,328000
2/25/2016,4.95,4.95,4.85,4.89,4.89,164700
2/26/2016,4.99,5.01,4.895,4.97,4.97,518000
2/29/2016,4.99,5.15,4.9,5.1,5.1,661200
3/1/2016,5.14,5.26,5.1,5.22,5.22,174500
3/2/2016,5.22,5.36,5.19,5.24,5.24,285600
3/3/2016,5.22,5.33,5.2,5.24,5.24,242300
3/4/2016,5.25,5.25,5.11,5.19,5.19,185800
3/7/2016,5.15,5.24,4.98,5.18,5.18,181200
3/8/2016,5.16,5.2,4.97,4.97,4.97,373200
3/9/2016,5,5.05,4.82,4.9,4.9,270800
3/10/2016,4.9,4.96,4.75,4.93,4.93,270700
3/11/2016,5,5.1,4.95,5.1,5.1,233100
3/14/2016,5.09,5.2,5,5.05,5.05,2019400
3/15/2016,5.05,5.18,5.01,5.06,5.06,282100
3/16/2016,5.02,5.16,5.01,5.13,5.13,228800
3/17/2016,5.15,5.24,5.14,5.18,5.18,291600
3/18/2016,5.2,5.28,5.18,5.25,5.25,372400
3/21/2016,5.24,5.31,5.22,5.3,5.3,143800
3/22/2016,5.25,5.29,5.14,5.15,5.15,107400
3/23/2016,5.19,5.19,4.93,4.93,4.93,163800
3/24/2016,4.9,5,4.82,4.9,4.9,2007000
3/28/2016,4.93,5.1,4.85,5.01,5.01,113500
3/29/2016,5,5.22,4.9,5.09,5.09,323900
3/30/2016,5.1,5.16,5.025,5.04,5.04,140300
3/31/2016,5.05,5.17,4.99,5.05,5.05,137100
4/1/2016,5.01,5.05,4.94,4.98,4.98,93500
4/4/2016,4.95,5,4.89,4.9,4.9,89000
4/5/2016,4.86,4.87,4.65,4.68,4.68,206200
4/6/2016,4.68,4.71,4.605,4.67,4.67,157600
4/7/2016,4.63,4.66,4.56,4.6,4.6,149400
4/8/2016,4.72,4.8,4.6,4.61,4.61,88300
4/11/2016,4.64,4.74,4.62,4.7,4.7,150700
4/12/2016,4.68,4.84,4.63,4.79,4.79,87800
4/13/2016,4.81,5,4.78,4.95,4.95,144500
4/14/2016,4.9,5,4.87,4.96,4.96,157700
4/15/2016,4.93,5.23,4.93,5.21,5.21,226400
4/18/2016,5.16,5.24,5.12,5.22,5.22,105200
4/19/2016,5.25,5.29,5.086,5.18,5.18,99900
4/20/2016,5.19,5.23,5.14,5.15,5.15,66200
4/21/2016,5.18,5.23,5.08,5.19,5.19,85000
4/22/2016,5.18,5.41,5.18,5.36,5.36,209800
4/25/2016,5.58,5.8,5.26,5.5,5.5,267800
4/26/2016,5.5,5.65,5.37,5.65,5.65,184900
4/27/2016,5.9,6.66,5.9,6.35,6.35,1694000
4/28/2016,6.25,6.49,6.16,6.26,6.26,587500
4/29/2016,6.26,6.389,6.25,6.29,6.29,705100
5/2/2016,6.35,6.6,6.21,6.28,6.28,328900
5/3/2016,6.21,6.46,6.14,6.35,6.35,456300
5/4/2016,6.3,6.45,6.195,6.32,6.32,236000
5/5/2016,6.48,6.56,6.4,6.51,6.51,633800
5/6/2016,6.45,6.53,6.3,6.37,6.37,307600
5/9/2016,6.32,6.44,6.31,6.37,6.37,2028900
5/10/2016,6.45,6.49,6.13,6.26,6.26,1360400
5/11/2016,6.22,6.25,5.89,5.93,5.93,607500
5/12/2016,5.99,6.19,5.981,6.12,6.12,444100
5/13/2016,6.1,6.15,5.9,5.94,5.94,427900
5/16/2016,5.93,6.06,5.93,6.01,6.01,182100
5/17/2016,6,6.015,5.91,5.93,5.93,332400
5/18/2016,5.91,6.02,5.91,5.99,5.99,186500
5/19/2016,5.97,6.01,5.84,5.87,5.87,248300
5/20/2016,5.92,6.05,5.76,5.99,5.99,305100
5/23/2016,6,6.03,5.87,5.94,5.94,291100
5/24/2016,6,6.05,5.95,5.99,5.99,505500
5/25/2016,6.01,6.1,5.925,6.09,6.09,3719300
5/26/2016,6.12,6.19,6.06,6.17,6.17,402500
5/27/2016,6.2,6.29,6.15,6.28,6.28,419200
5/31/2016,6.28,6.32,6.18,6.24,6.24,472200
6/1/2016,6.22,6.24,6.11,6.21,6.21,249700
6/2/2016,6.19,6.194,6.06,6.11,6.11,325300
6/3/2016,6.06,6.12,6,6.07,6.07,221800
6/6/2016,6.12,6.17,6.06,6.11,6.11,215300
6/7/2016,6.11,6.13,6,6.02,6.02,230300
6/8/2016,6.05,6.07,5.98,5.99,5.99,246400
6/9/2016,5.98,5.99,5.825,5.89,5.89,333000
6/10/2016,5.85,5.97,5.77,5.87,5.87,270800
6/13/2016,5.88,5.88,5.61,5.62,5.62,471900
6/14/2016,5.59,5.69,5.46,5.52,5.52,783300
6/15/2016,5.53,5.6,5.42,5.43,5.43,321300
6/16/2016,5.38,5.485,5.33,5.47,5.47,350900
6/17/2016,5.49,5.8,5.46,5.72,5.72,934900
6/20/2016,5.83,5.89,5.67,5.69,5.69,349100
6/21/2016,5.75,5.75,5.51,5.61,5.61,329400
6/22/2016,5.66,5.735,5.45,5.47,5.47,794600
6/23/2016,5.51,5.67,5.49,5.58,5.58,517800
6/24/2016,5.49,5.5,5.3,5.36,5.36,478900
6/27/2016,5.3,5.31,5.02,5.11,5.11,857600
6/28/2016,5.15,5.28,5.15,5.26,5.26,484500
6/29/2016,5.34,5.401,5.275,5.37,5.37,320000
6/30/2016,5.41,5.48,5.32,5.48,5.48,358600
7/1/2016,5.46,5.57,5.4,5.57,5.57,332700
7/5/2016,5.51,5.52,5.24,5.3,5.3,230100
7/6/2016,5.28,5.41,5.24,5.4,5.4,187500
7/7/2016,5.41,5.57,5.41,5.44,5.44,242700
7/8/2016,5.52,5.635,5.5,5.63,5.63,190700
7/11/2016,5.69,5.73,5.655,5.71,5.71,302400
7/12/2016,5.75,5.83,5.73,5.83,5.83,289000
7/13/2016,5.86,5.88,5.79,5.85,5.85,212900
7/14/2016,5.9,6.05,5.89,5.94,5.94,367800
7/15/2016,5.98,6,5.91,5.99,5.99,153900
7/18/2016,5.99,6.03,5.93,5.94,5.94,128400
7/19/2016,5.95,5.98,5.89,5.92,5.92,216800
7/20/2016,5.93,6.014,5.92,5.98,5.98,191600
7/21/2016,5.97,6.05,5.95,6.04,6.04,123600
7/22/2016,6.05,6.07,5.99,6.06,6.06,147400
7/25/2016,6.21,6.25,6.13,6.24,6.24,371800
7/26/2016,6.26,6.27,6.18,6.24,6.24,243600
7/27/2016,6.26,6.26,6.145,6.22,6.22,135100
7/28/2016,6.22,6.29,6.16,6.27,6.27,133700
7/29/2016,6.24,6.29,6.17,6.28,6.28,200700
8/1/2016,6.3,6.31,6.14,6.15,6.15,241200
8/2/2016,6.15,6.2,6.09,6.13,6.13,296400
8/3/2016,6.6,6.84,6.42,6.81,6.81,953000
8/4/2016,6.81,6.9,6.8,6.85,6.85,605000
8/5/2016,6.9,7,6.89,6.98,6.98,391200
8/8/2016,7,7.025,6.92,6.98,6.98,230000
8/9/2016,7,7.04,6.94,6.98,6.98,242000
8/10/2016,7,7,6.83,6.86,6.86,171700
8/11/2016,6.9,6.91,6.84,6.85,6.85,229900
8/12/2016,6.81,6.9,6.79,6.89,6.89,147900
8/15/2016,6.96,7.06,6.92,7.03,7.03,374400
8/16/2016,7.02,7.25,7.02,7.15,7.15,539100
8/17/2016,7.15,7.25,7.12,7.23,7.23,713600
8/18/2016,7.27,7.34,7.21,7.31,7.31,319500
8/19/2016,7.33,7.46,7.28,7.43,7.43,251800
8/22/2016,7.47,7.51,7.34,7.5,7.5,227500
8/23/2016,7.5,7.68,7.5,7.68,7.68,471100
8/24/2016,7.71,7.83,7.7,7.75,7.75,342900
8/25/2016,7.75,7.9,7.71,7.86,7.86,484700
8/26/2016,7.92,8.13,7.89,8.11,8.11,465000
8/29/2016,8.1,8.2,7.99,8.05,8.05,469200
8/30/2016,8.05,8.06,7.97,7.99,7.99,713600
8/31/2016,8.02,8.03,7.88,7.94,7.94,373900
9/1/2016,7.95,8,7.82,7.98,7.98,235200
9/2/2016,8.01,8.01,7.965,8,8,440200
9/6/2016,8,8,7.774,7.92,7.92,337700
9/7/2016,7.88,7.98,7.85,7.89,7.89,183200
9/8/2016,7.9,7.97,7.8,7.85,7.85,205900
9/9/2016,7.84,7.85,7.63,7.65,7.65,323000
9/12/2016,7.67,7.83,7.57,7.77,7.77,308800
9/13/2016,7.69,7.71,7.55,7.68,7.68,274600
9/14/2016,7.68,7.93,7.66,7.87,7.87,241800
9/15/2016,7.85,7.95,7.83,7.9,7.9,337100
9/16/2016,7.91,7.91,7.83,7.9,7.9,306500
9/19/2016,7.92,8,7.85,7.96,7.96,393300
9/20/2016,8,8.039,7.825,7.85,7.85,430900
9/21/2016,7.87,7.91,7.81,7.88,7.88,201800
9/22/2016,7.9,7.92,7.83,7.83,7.83,293100
9/23/2016,7.81,7.92,7.73,7.73,7.73,276300
9/26/2016,7.69,7.69,7.55,7.57,7.57,245700
9/27/2016,7.54,7.63,7.51,7.59,7.59,193300
9/28/2016,7.59,7.61,7.52,7.6,7.6,213500
9/29/2016,7.6,7.63,7.49,7.5,7.5,179100
9/30/2016,7.57,7.685,7.51,7.62,7.62,568700
10/3/2016,7.59,7.61,7.515,7.56,7.56,121200
10/4/2016,7.59,7.61,7.12,7.6,7.6,257300
10/5/2016,7.6,7.67,7.6,7.64,7.64,304300
10/6/2016,7.63,7.68,7.5,7.51,7.51,380800
10/7/2016,7.54,7.69,7.485,7.6,7.6,345000
10/10/2016,7.65,7.88,7.63,7.88,7.88,393600
10/11/2016,7.88,8.15,7.87,8.13,8.13,2055200
10/12/2016,8.18,8.19,8.09,8.11,8.11,858800
10/13/2016,8.06,8.07,7.81,7.84,7.84,336400
10/14/2016,7.89,8.01,7.84,7.98,7.98,293000
10/17/2016,8.03,8.05,7.93,7.97,7.97,224900
10/18/2016,8.07,8.135,8.01,8.09,8.09,425400
10/19/2016,8.13,8.24,8.06,8.195,8.195,338400
10/20/2016,8.2,8.24,8.135,8.17,8.17,255100
10/21/2016,8.09,8.15,8.055,8.11,8.11,144900
10/24/2016,8.15,8.25,8.1,8.2,8.2,151000
10/25/2016,8.2,8.2,8.05,8.1,8.1,245300
10/26/2016,8.15,8.15,8.025,8.05,8.05,138900
10/27/2016,8.05,8.1,7.55,7.75,7.75,645800
10/28/2016,7.7,7.85,7.625,7.65,7.65,408400
10/31/2016,7.6,7.75,7.5,7.65,7.65,422100
11/1/2016,7.65,7.75,7.55,7.65,7.65,343200
11/2/2016,8.2,8.25,7.7,8.2,8.2,967900
11/3/2016,8.3,8.45,8.1,8.15,8.15,773900
11/4/2016,8.2,8.3,8.15,8.2,8.2,497500
11/7/2016,8.3,8.4,8.2,8.35,8.35,443500
11/8/2016,8.25,8.45,8.25,8.4,8.4,363200
11/9/2016,8.3,8.525,8.25,8.5,8.5,619000
11/10/2016,8.5,9.05,8.45,9,9,1123400
11/11/2016,8.95,9.05,8.8,8.95,8.95,721000
11/14/2016,8.95,9.05,8.625,8.8,8.8,452400
11/15/2016,8.8,8.8,8.55,8.65,8.65,533900
11/16/2016,8.6,8.95,8.56,8.9,8.9,286800
11/17/2016,8.9,9,8.8,8.9,8.9,192700
11/18/2016,9,9.1,8.8,9.05,9.05,319400
11/21/2016,9.1,9.1,8.85,8.95,8.95,283400
11/22/2016,9,9,8.65,8.65,8.65,379700
11/23/2016,8.7,8.9,8.7,8.8,8.8,229200
11/25/2016,8.8,8.85,8.75,8.75,8.75,107300
11/28/2016,8.75,8.8,8.65,8.7,8.7,401500
11/29/2016,8.75,8.9,8.65,8.7,8.7,296300
11/30/2016,8.75,8.9,8.55,8.6,8.6,451000
12/1/2016,8.6,8.85,8.6,8.75,8.75,271900
12/2/2016,8.8,8.925,8.65,8.9,8.9,226200
12/5/2016,8.8,9.25,8.75,9.2,9.2,554100
12/6/2016,9.25,9.5,9.05,9.45,9.45,1650300
12/7/2016,9.5,9.5,9.25,9.3,9.3,435400
12/8/2016,9.4,9.45,9.35,9.35,9.35,416500
12/9/2016,9.4,10.175,9.35,10.1,10.1,1819000
12/12/2016,10,10.05,9.75,9.95,9.95,405000
12/13/2016,10,10.045,9.8,9.85,9.85,240400
12/14/2016,9.9,10.1,9.75,9.9,9.9,1248300
12/15/2016,9.95,10.025,9.75,10,10,469300
12/16/2016,10.05,10.15,9.95,10.05,10.05,1248600
12/19/2016,10.05,10.45,10,10.45,10.45,569500
12/20/2016,10.45,10.75,10.4,10.6,10.6,576200
12/21/2016,10.7,10.773,10.5,10.6,10.6,297900
12/22/2016,10.65,10.7,10.4,10.6,10.6,228500
12/23/2016,10.6,10.85,10.55,10.8,10.8,128200
12/27/2016,10.85,10.95,10.45,10.7,10.7,322600
12/28/2016,10.7,10.75,10.55,10.6,10.6,211300
12/29/2016,10.6,10.75,10.6,10.7,10.7,224600
12/30/2016,10.75,10.75,10.6,10.65,10.65,212000
1/3/2017,10.8,10.9,10.6,10.8,10.8,382400
1/4/2017,10.85,11.1,10.8,10.9,10.9,434800
1/5/2017,10.95,11,10.45,10.55,10.55,383500
1/6/2017,10.6,10.75,10.3,10.5,10.5,244200
1/9/2017,10.4,10.4,9.9,10.05,10.05,955000
1/10/2017,10.1,10.475,10.1,10.45,10.45,323600
1/11/2017,10.35,10.65,10.225,10.5,10.5,244200
1/12/2017,10.4,10.5,10.2,10.25,10.25,339200
1/13/2017,10.3,10.6,10.25,10.35,10.35,225400
1/17/2017,10.3,10.35,10.07,10.2,10.2,402200
1/18/2017,10.3,10.55,10.1,10.55,10.55,288000
1/19/2017,10.5,10.6,10.35,10.45,10.45,487700
1/20/2017,10.5,10.7,10.45,10.5,10.5,331600
1/23/2017,10.5,10.6,10.3,10.55,10.55,210000
1/24/2017,10.6,10.75,10.475,10.6,10.6,161700
1/25/2017,10.55,10.75,10.36,10.7,10.7,314800
1/26/2017,10.65,10.7,10.475,10.5,10.5,161800
1/27/2017,10.5,10.75,10.425,10.65,10.65,362500
1/30/2017,10.6,10.7,10.375,10.65,10.65,412400
1/31/2017,10.55,10.85,10.45,10.8,10.8,383500
2/1/2017,10.9,11.05,10.8,10.95,10.95,267700
2/2/2017,10.9,11.2,10.85,10.9,10.9,395100
2/3/2017,10.9,11.15,10.85,11.1,11.1,428100
2/6/2017,11.1,11.3,11,11.1,11.1,407000
2/7/2017,11.15,11.275,11,11.1,11.1,375400
2/8/2017,11.1,11.25,10.95,11.2,11.2,204300
2/9/2017,11.2,11.45,11.1,11.1,11.1,579600
2/10/2017,11.2,11.4,11.15,11.25,11.25,521500
2/13/2017,11.25,11.5,11.25,11.45,11.45,451600
2/14/2017,11.4,11.5,11.2,11.5,11.5,384100
2/15/2017,11.5,11.555,11.35,11.55,11.55,354400
2/16/2017,11.45,11.45,10.45,11.3,11.3,942200
2/17/2017,11.3,11.3,10.85,11.1,11.1,619400
2/21/2017,11.15,11.2,10.75,10.85,10.85,540700
2/22/2017,10.8,11.075,10.75,11,11,322800
2/23/2017,11.05,11.1,10.85,10.9,10.9,200300
2/24/2017,10.85,10.95,10.7,10.95,10.95,346800
2/27/2017,10.9,11,10.825,10.95,10.95,333200
2/28/2017,10.9,11.15,10.825,11.1,11.1,567100
3/1/2017,11.25,12,11.2,11.9,11.9,796400
3/2/2017,11.95,11.95,10.9,10.9,10.9,514100
3/3/2017,10.85,11.1,10.771,11.05,11.05,374400
3/6/2017,11,11.225,10.775,11.2,11.2,356100
3/7/2017,11.15,11.225,10.9,11.05,11.05,243300
3/8/2017,11.1,11.15,10.9,10.95,10.95,219000
3/9/2017,10.95,11.145,10.8,10.95,10.95,244900
3/10/2017,10.95,11.025,10.65,10.95,10.95,412600
3/13/2017,10.9,11.3,10.85,11.25,11.25,243100
3/14/2017,11.2,11.6,11.05,11.55,11.55,611100
3/15/2017,11.45,11.55,11.2,11.45,11.45,422600
3/16/2017,11.5,11.95,11.5,11.9,11.9,665400
3/17/2017,12.4,12.4,11.7,11.8,11.8,466800
3/20/2017,11.85,11.85,11.4,11.4,11.4,333900
3/21/2017,11.5,11.5,10.95,10.95,10.95,401200
3/22/2017,11,11.1,10.705,10.85,10.85,351300
3/23/2017,10.8,11.3,10.8,11.05,11.05,340700
3/24/2017,11.1,11.125,10.95,11.05,11.05,212500
3/27/2017,10.9,11.25,10.8,11.2,11.2,162900
3/28/2017,11.1,11.3,11.05,11.1,11.1,363800
3/29/2017,11.1,11.15,10.89,10.95,10.95,348700
3/30/2017,10.9,11.3,10.875,11.25,11.25,254300
3/31/2017,11.25,11.55,11.15,11.4,11.4,751900
4/3/2017,11.4,11.49,11.075,11.25,11.25,305000
4/4/2017,11.25,11.5,11.25,11.45,11.45,443200
4/5/2017,11.5,11.6,11.25,11.3,11.3,342200
4/6/2017,11.3,11.55,11.2,11.5,11.5,328400
4/7/2017,11.45,11.65,11.35,11.55,11.55,171400
4/10/2017,12,12.25,11.7,12.2,12.2,682700
4/11/2017,12.2,12.5,12.1,12.45,12.45,394500
4/12/2017,12.45,12.55,12.3,12.45,12.45,267300
4/13/2017,12.35,12.45,12.175,12.2,12.2,200900
4/17/2017,12.3,12.325,12.1,12.3,12.3,390100
4/18/2017,12.25,12.35,12.075,12.3,12.3,325800
4/19/2017,12.3,12.4,12.15,12.2,12.2,387800
4/20/2017,12.2,12.333,12.025,12.15,12.15,245000
4/21/2017,12.15,12.2,11.76,11.95,11.95,363900
4/24/2017,12.15,12.35,11.95,12.05,12.05,271000
4/25/2017,12.2,12.275,12.075,12.2,12.2,304900
4/26/2017,12.2,12.5,12.2,12.35,12.35,603300
4/27/2017,12.35,12.49,11.75,11.75,11.75,547700
4/28/2017,11.75,11.75,11.45,11.6,11.6,493200
5/1/2017,11.7,11.79,11.25,11.3,11.3,717500
5/2/2017,11.3,12,11.3,11.8,11.8,667000
5/3/2017,11.7,11.95,11.6,11.65,11.65,583200
5/4/2017,11.65,11.7,11.25,11.5,11.5,689100
5/5/2017,11.5,11.5,10.46,11.1,11.1,1708900
5/8/2017,11.05,11.05,10.65,10.8,10.8,1252100
5/9/2017,10.8,11.025,10.65,10.95,10.95,816800
5/10/2017,10.9,10.9,10.475,10.8,10.8,745300
5/11/2017,10.8,11.05,10.75,11.05,11.05,376500
5/12/2017,11,11.05,10.775,10.85,10.85,314900
5/15/2017,10.85,11.025,10.85,10.95,10.95,228000
5/16/2017,11,11,10.8,10.9,10.9,243100
5/17/2017,10.7,10.75,10.5,10.55,10.55,383800
5/18/2017,10.5,10.85,10.45,10.75,10.75,404600
5/19/2017,10.75,10.85,10.45,10.5,10.5,290900
5/22/2017,10.45,10.65,10.36,10.55,10.55,271900
5/23/2017,10.6,10.7,10.35,10.55,10.55,227800
5/24/2017,10.6,10.65,10.5,10.6,10.6,233400
5/25/2017,10.6,10.65,10.5,10.5,10.5,369900
5/26/2017,10.55,10.8,10.41,10.75,10.75,207900
5/30/2017,10.75,10.8,10.45,10.5,10.5,285600
5/31/2017,10.5,10.7,10.2,10.4,10.4,474700
6/1/2017,10.45,10.675,10.35,10.65,10.65,264700
6/2/2017,10.65,10.9,10.575,10.75,10.75,260700
6/5/2017,10.7,10.75,10.45,10.55,10.55,363800
6/6/2017,10.55,10.6,10.4,10.5,10.5,263300
6/7/2017,10.5,10.75,10.45,10.7,10.7,393300
6/8/2017,10.65,11.15,10.6,11,11,430800
6/9/2017,11,11.35,10.975,11.15,11.15,473500
6/12/2017,11.1,11.175,10.85,11.05,11.05,263000
6/13/2017,11.05,11.3,10.95,11.2,11.2,229200
6/14/2017,11.15,11.15,10.95,11.1,11.1,327200
6/15/2017,11,11.1,10.9,10.95,10.95,246500
6/16/2017,11,11.2,10.871,10.95,10.95,527200
6/19/2017,11,11.25,11,11.1,11.1,249700
6/20/2017,11,11.25,10.8,10.85,10.85,457200
6/21/2017,10.95,11.05,10.775,10.8,10.8,386800
6/22/2017,10.85,10.975,10.8,10.9,10.9,301000
6/23/2017,11,11.025,10.9,10.95,10.95,1068200
6/26/2017,10.9,11.175,10.9,10.95,10.95,157800
6/27/2017,11,11.24,10.95,11.1,11.1,271900
6/28/2017,11.2,11.475,11.2,11.25,11.25,351000
6/29/2017,11.35,11.65,11.2,11.45,11.45,374800
6/30/2017,11.5,11.525,11.3,11.45,11.45,374800
7/3/2017,11.45,11.85,11.45,11.8,11.8,346700
7/5/2017,11.8,11.9,11.65,11.7,11.7,323800
7/6/2017,12,12.1,11.7,12,12,704700
7/7/2017,12.05,12.175,11.8,12.15,12.15,351100
7/10/2017,12.15,12.25,12,12,12,318400
7/11/2017,11.95,12.05,11.7,11.75,11.75,632100
7/12/2017,11.8,12.05,11.75,11.85,11.85,301300
7/13/2017,11.8,12.05,11.8,11.95,11.95,233500
7/14/2017,11.8,12.25,11.8,12.2,12.2,289100
7/17/2017,11.65,11.875,11.4,11.85,11.85,554400
7/18/2017,11.75,11.9,11.7,11.7,11.7,341200
7/19/2017,11.8,11.85,11.65,11.7,11.7,179700
7/20/2017,11.7,11.775,11.6,11.7,11.7,168000
7/21/2017,11.8,11.8,11.421,11.65,11.65,293400
7/24/2017,11.7,11.8,11.567,11.65,11.65,335000
7/25/2017,11.7,11.95,11.65,11.65,11.65,201400
7/26/2017,11.65,11.725,11.371,11.5,11.5,207400
7/27/2017,11.55,11.75,11.525,11.7,11.7,350900
7/28/2017,11.65,11.7,11.55,11.55,11.55,206800
7/31/2017,11.6,11.9,11.45,11.8,11.8,406300
8/1/2017,11.85,12,11.75,11.8,11.8,449400
8/2/2017,11.7,12.01,11.5,11.8,11.8,428100
8/3/2017,11.85,11.95,11.65,11.75,11.75,265700
8/4/2017,11.8,12,11.75,12,12,410200
8/7/2017,12,12.7,11.9,12.45,12.45,1609400
8/8/2017,12.25,12.4,11.9,12.4,12.4,748800
8/9/2017,12.25,12.3,11.9,12.05,12.05,394900
8/10/2017,12,12.05,11.775,11.85,11.85,342200
8/11/2017,11.85,11.95,11.55,11.55,11.55,253200
8/14/2017,11.65,11.925,11.65,11.85,11.85,322200
8/15/2017,11.9,11.95,11.6,11.6,11.6,209800
8/16/2017,11.6,11.7,11.55,11.6,11.6,231700
8/17/2017,11.6,11.75,11.425,11.45,11.45,269100
8/18/2017,11.35,11.6,10.95,11.35,11.35,371700
8/21/2017,11.25,11.45,11.225,11.25,11.25,124300
8/22/2017,11.25,11.55,11.2,11.55,11.55,386600
8/23/2017,11.4,11.75,11.4,11.75,11.75,325800
8/24/2017,11.7,11.75,11.4,11.45,11.45,220900
8/25/2017,11.45,11.55,11.37,11.45,11.45,173400
8/28/2017,11.45,11.45,10.85,10.85,10.85,499400
8/29/2017,10.85,11.1,10.56,10.8,10.8,684200
8/30/2017,10.85,10.95,10.65,10.65,10.65,452900
8/31/2017,10.75,10.95,10.7,10.85,10.85,348600
9/1/2017,11,11.2,10.9,10.9,10.9,269400
9/5/2017,11.15,11.15,10.475,10.5,10.5,608200
9/6/2017,10.6,10.85,10.5,10.55,10.55,300500
9/7/2017,10.6,10.6,10.1,10.35,10.35,1119000
9/8/2017,10.35,10.525,10.2,10.35,10.35,792100
9/11/2017,10.5,10.75,10.5,10.65,10.65,461700
9/12/2017,10.75,11.25,10.75,11.15,11.15,369500
9/13/2017,11.15,11.225,11,11.15,11.15,218300
9/14/2017,11.1,11.25,10.975,11,11,294500
9/15/2017,11.05,11.45,10.95,11.35,11.35,670500
9/18/2017,11.3,11.4,11.2,11.25,11.25,259600
9/19/2017,11.3,11.65,11.225,11.6,11.6,295600
9/20/2017,11.55,11.875,11.45,11.7,11.7,423200
9/21/2017,11.75,12,11.625,11.975,11.975,351800
9/22/2017,11.9,12.125,11.85,12.025,12.025,375600
9/25/2017,11.95,12.095,11.8,11.9,11.9,182800
9/26/2017,11.95,12.25,11.825,12.1,12.1,372200
9/27/2017,12.15,12.6,12.15,12.45,12.45,670200
9/28/2017,12.45,12.55,12.175,12.5,12.5,200400
9/29/2017,12.5,12.6,12.325,12.4,12.4,220400
10/2/2017,12.45,12.5,12.075,12.1,12.1,614200
10/3/2017,12.2,12.4,12.15,12.35,12.35,408400
10/4/2017,12.4,12.4,12,12.05,12.05,178200
10/5/2017,12.1,12.3,12.05,12.3,12.3,155300
10/6/2017,12.25,12.25,12.1,12.15,12.15,125900
10/9/2017,12.2,12.2,11.95,12.05,12.05,291400
10/10/2017,12.05,12.25,11.95,12.25,12.25,212600
10/11/2017,12.35,12.45,12.2,12.35,12.35,463200
10/12/2017,13.15,13.6,12.85,13.05,13.05,3779500
10/13/2017,13.1,13.5,12.95,13.35,13.35,11986100
10/16/2017,13.05,13.475,12.7,13.45,13.45,1903800
10/17/2017,13.5,13.9,13.4,13.85,13.85,1941300
10/18/2017,13.85,14.05,13.75,13.9,13.9,1405200
10/19/2017,13.85,14.225,13.8,14.15,14.15,1479900
10/20/2017,14.25,14.4,14.1,14.35,14.35,1525900
10/23/2017,14.35,14.6,14.3,14.4,14.4,1350400
10/24/2017,14.55,14.85,14.5,14.625,14.625,2747900
10/25/2017,14.55,14.7,14.425,14.55,14.55,729600
10/26/2017,14.5,14.75,14.45,14.55,14.55,626500
10/27/2017,14.55,14.8,14.45,14.65,14.65,854800
10/30/2017,14.65,14.7,14.41,14.525,14.525,637900
10/31/2017,14.6,14.6,14.35,14.55,14.55,962100
11/1/2017,14.7,14.75,14.325,14.4,14.4,1085200
11/2/2017,15.2,17.075001,14.75,16.5,16.5,2550700
11/3/2017,16.200001,16.4,15.35,15.9,15.9,1484300
11/6/2017,15.95,16.25,15.75,16.200001,16.200001,1067500
11/7/2017,16.25,16.35,15.65,15.95,15.95,667000
11/8/2017,15.85,16.15,15.75,15.9,15.9,760800
11/9/2017,15.7,16,15.7,15.9,15.9,542200
11/10/2017,15.95,16,15.7,15.8,15.8,410600
11/13/2017,15.75,16.125,15.6,16.025,16.025,739200
11/14/2017,16,16.1,15.775,16,16,732500
11/15/2017,15.85,16.25,15.775,16.200001,16.200001,695500
11/16/2017,16.25,16.4,16.200001,16.35,16.35,869800
11/17/2017,16.15,16.35,15.95,16.299999,16.299999,923500
11/20/2017,16.4,16.450001,16.049999,16.450001,16.450001,576100
11/21/2017,16.450001,16.75,16.299999,16.65,16.65,482200
11/22/2017,16.6,16.85,16.299999,16.450001,16.450001,326100
11/24/2017,16.5,16.674999,16.450001,16.5,16.5,205800
11/27/2017,16.6,16.674999,16.299999,16.4,16.4,557400
11/28/2017,16.4,16.85,16.4,16.799999,16.799999,356900
11/29/2017,16.9,17.275,16.75,16.85,16.85,463600
11/30/2017,17.049999,17.4,16.775,17.049999,17.049999,804300
12/1/2017,17,17.200001,16.4,17.15,17.15,478700
12/4/2017,17.450001,17.950001,17.450001,17.700001,17.700001,1361500
12/5/2017,17.700001,17.875,17.174999,17.299999,17.299999,511000
12/6/2017,17.200001,17.549999,17.059,17.35,17.35,350000
12/7/2017,17.299999,17.75,17.25,17.4,17.4,320800
12/8/2017,17.549999,17.75,17.25,17.5,17.5,288500
12/11/2017,17.450001,17.65,17.4,17.6,17.6,835700
12/12/2017,17.6,17.825001,17.4,17.700001,17.700001,433700
12/13/2017,17.65,17.9,17.299999,17.35,17.35,606700
12/14/2017,17.4,17.450001,16.85,17,17,584800
12/15/2017,17,17.4,17,17.25,17.25,1264900
12/18/2017,17.450001,17.700001,17.15,17.25,17.25,399600
12/19/2017,17.200001,17.375,17.1,17.1,17.1,656000
12/20/2017,17.35,17.950001,17.299999,17.75,17.75,495400
12/21/2017,17.799999,18.049999,17.6,17.700001,17.700001,432800
12/22/2017,17.799999,17.799999,17.1,17.4,17.4,410200
12/26/2017,17.5,17.799999,17.450001,17.450001,17.450001,318200
12/27/2017,17.5,17.75,17.125,17.15,17.15,298300
12/28/2017,17.299999,17.5,17.200001,17.299999,17.299999,203900
12/29/2017,17.299999,17.5,16.924999,17,17,359200
1/2/2018,17,17.9,16.75,17.75,17.75,698500
1/3/2018,17.75,17.75,16.875,17.200001,17.200001,823300
1/4/2018,17.4,17.5,17,17.200001,17.200001,471100
1/5/2018,17.25,17.4,17.15,17.299999,17.299999,287600
1/8/2018,17.9,18.950001,17.700001,18.25,18.25,686100
1/9/2018,18.25,18.549999,18.1,18.15,18.15,763500
1/10/2018,18.15,18.525,17.919001,18,18,479400
1/11/2018,18.15,18.6,18.049999,18.5,18.5,391500
1/12/2018,18.700001,19,18.5,18.950001,18.950001,494600
1/16/2018,19.15,19.35,18.799999,19.15,19.15,677300
1/17/2018,19.15,19.450001,19,19.4,19.4,450200
1/18/2018,19.35,19.549999,19.15,19.35,19.35,394300
1/19/2018,19.4,19.65,19.15,19.6,19.6,485200
1/22/2018,19.65,20.049999,19.549999,20,20,221700
1/23/2018,19.9,20.375,19.9,20.200001,20.200001,556800
1/24/2018,20.35,20.35,19.4,19.6,19.6,1015700
1/25/2018,19.799999,19.825001,19.344999,19.75,19.75,625600
1/26/2018,19.799999,19.799999,19.450001,19.799999,19.799999,453300
1/29/2018,19.700001,19.700001,19.450001,19.65,19.65,569300
1/30/2018,19.549999,19.549999,18.950001,19,19,416400
1/31/2018,19.15,19.450001,18.299999,18.35,18.35,559200
2/1/2018,18.35,18.9,18.299999,18.9,18.9,333100
2/2/2018,18.85,19,18.4,18.549999,18.549999,330200
2/5/2018,18.450001,18.875,17.700001,17.85,17.85,479200
2/6/2018,18,18.863001,16.85,18.4,18.4,816300
2/7/2018,18.4,18.799999,18.25,18.700001,18.700001,335200
2/8/2018,18.65,19,17.85,18.049999,18.049999,542700
2/9/2018,18.25,18.450001,17.549999,18.200001,18.200001,408700
2/12/2018,18.25,18.424999,18.1,18.25,18.25,289800
2/13/2018,18.1,18.65,18.049999,18.5,18.5,258500
2/14/2018,18.299999,19.200001,18.299999,19.1,19.1,367100
2/15/2018,19.15,19.35,18.65,19,19,311900
2/16/2018,19.25,21,19.15,20.549999,20.549999,1405600
2/20/2018,20.5,21.549999,20.25,20.65,20.65,708100
2/21/2018,20.799999,21.700001,20.799999,21.299999,21.299999,636500
2/22/2018,21.5,21.549999,21.049999,21.1,21.1,385600
2/23/2018,21.25,21.35,20.9,21.25,21.25,322900
2/26/2018,21.25,21.924,21.25,21.700001,21.700001,500100
2/27/2018,21.65,21.75,19.75,19.950001,19.950001,1530700
2/28/2018,20.1,21,19.700001,19.85,19.85,4596800
3/1/2018,19.700001,20,19.299999,19.6,19.6,650500
3/2/2018,19.549999,19.799999,19.15,19.65,19.65,465200
3/5/2018,19.65,19.799999,19.075001,19.575001,19.575001,594500
3/6/2018,19.549999,19.85,19.15,19.700001,19.700001,813000
3/7/2018,19.5,20.25,19.25,20.200001,20.200001,651000
3/8/2018,20.35,20.4,19.700001,19.799999,19.799999,488600
3/9/2018,20,20.35,19.85,20.200001,20.200001,566400
3/12/2018,19.799999,20.049999,17.25,18.049999,18.049999,2074500
3/13/2018,18.200001,18.424999,17.85,17.9,17.9,938400
3/14/2018,17.9,17.9,16.950001,17,17,1741800
3/15/2018,17.15,17.200001,15.75,16,16,2276600
3/16/2018,15.9,16.139999,15.35,15.9,15.9,2430200
3/19/2018,15.7,16.1,15.5,16.1,16.1,845500
3/20/2018,16,16.049999,15.75,15.95,15.95,914900
3/21/2018,15.85,16.5,15.825,16.450001,16.450001,674400
3/22/2018,16.299999,16.75,16.049999,16.35,16.35,746700
3/23/2018,16.35,16.65,16.049999,16.200001,16.200001,1240400
3/26/2018,16.450001,16.700001,16.25,16.6,16.6,507900
3/27/2018,16.549999,17.15,16.299999,16.75,16.75,898800
3/28/2018,16.85,17,16.325001,16.5,16.5,902000
3/29/2018,16.65,16.99,16.375,16.549999,16.549999,694800
4/2/2018,16.5,16.672001,16.200001,16.5,16.5,385900
4/3/2018,16.549999,16.975,16.549999,16.950001,16.950001,429800
4/4/2018,16.799999,17.1,16.549999,17.1,17.1,559100
4/5/2018,17.200001,17.75,17.075001,17.549999,17.549999,708300
4/6/2018,17.450001,17.799999,17.4,17.700001,17.700001,840300
4/9/2018,16.4,16.450001,13.45,13.7,13.7,3240600
4/10/2018,13.65,14.15,13.35,13.8,13.8,1013300
4/11/2018,13.85,14.45,13.8,14.3,14.3,839000
4/12/2018,14.5,14.75,14.4,14.75,14.75,1044200
4/13/2018,14.75,14.75,14.35,14.65,14.65,493700
4/16/2018,14.75,14.817,14.425,14.55,14.55,281900
4/17/2018,14.55,14.7,14.3,14.4,14.4,626700
4/18/2018,14.5,14.6,13.75,13.95,13.95,674100
4/19/2018,14.2,14.55,13.9,14,14,491000
4/20/2018,13.95,14.4,13.95,14.4,14.4,321200
4/23/2018,14.5,14.55,14.25,14.25,14.25,464700
4/24/2018,14.3,14.6,14.169,14.45,14.45,345400
4/25/2018,14.4,14.55,13.8,13.9,13.9,594000
